ModelName,TrainAccuracy,ValidationAccuracy,Precision,Recall
BaseDecisionTree,1.0,0.9323231432216645,0.8913270914205287,0.8888765894942264
TunedDecisionTree,0.7604631699430073,0.7583116930617022,0.6910046881108407,0.5936302278891674
